{
  "extractor": "DeepWebsiteCloner v1.0",
  "extractedAt": "2025-07-28T14:22:58.533Z",
  "baseUrl": "https://feathericons.com/",
  "domain": "feathericons.com",
  "config": {
    "extractCSS": true,
    "extractJS": true,
    "extractImages": true,
    "extractFonts": true,
    "extractVideos": false,
    "extractDocuments": true,
    "extractForms": true,
    "extractMetadata": true,
    "followInternalLinks": false,
    "preserveDirectory": true,
    "generateSitemap": true,
    "outputDir": "enhanced_resources\\icons",
    "maxDepth": 1,
    "delay": 1000
  },
  "statistics": {
    "totalPages": 2,
    "totalAssets": 82,
    "maxDepth": 1
  }
}