{
  "extractor": "DeepWebsiteCloner v1.0",
  "extractedAt": "2025-07-28T14:23:59.403Z",
  "baseUrl": "https://tabler-icons.io/",
  "domain": "tabler-icons.io",
  "config": {
    "extractCSS": true,
    "extractJS": true,
    "extractImages": true,
    "extractFonts": true,
    "extractVideos": false,
    "extractDocuments": true,
    "extractForms": true,
    "extractMetadata": true,
    "followInternalLinks": false,
    "preserveDirectory": true,
    "generateSitemap": true,
    "outputDir": "enhanced_resources\\icons",
    "maxDepth": 1,
    "delay": 1000
  },
  "statistics": {
    "totalPages": 5,
    "totalAssets": 183,
    "maxDepth": 1
  }
}