{
  "extractor": "DeepWebsiteCloner v1.0",
  "extractedAt": "2025-07-28T13:15:00.005Z",
  "baseUrl": "https://www.free-css.com/",
  "domain": "www.free-css.com",
  "config": {
    "extractCSS": true,
    "extractJS": true,
    "extractImages": true,
    "extractFonts": true,
    "extractVideos": false,
    "extractDocuments": true,
    "extractForms": true,
    "extractMetadata": true,
    "followInternalLinks": false,
    "preserveDirectory": true,
    "generateSitemap": true,
    "outputDir": "./extracted_sites",
    "maxDepth": 1,
    "delay": 1000
  },
  "statistics": {
    "totalPages": 1,
    "totalAssets": 0,
    "maxDepth": 1
  }
}