{
  "extractor": "DeepWebsiteCloner v1.0",
  "extractedAt": "2025-07-28T14:25:56.877Z",
  "baseUrl": "https://www.flaticon.com/",
  "domain": "www.flaticon.com",
  "config": {
    "extractCSS": true,
    "extractJS": true,
    "extractImages": true,
    "extractFonts": true,
    "extractVideos": false,
    "extractDocuments": true,
    "extractForms": true,
    "extractMetadata": true,
    "followInternalLinks": false,
    "preserveDirectory": true,
    "generateSitemap": true,
    "outputDir": "enhanced_resources\\icons",
    "maxDepth": 1,
    "delay": 1000
  },
  "statistics": {
    "totalPages": 7,
    "totalAssets": 415,
    "maxDepth": 1
  }
}