{
  "extractor": "DeepWebsiteCloner v1.0",
  "extractedAt": "2025-07-28T14:26:09.230Z",
  "baseUrl": "https://iconify.design/",
  "domain": "iconify.design",
  "config": {
    "extractCSS": true,
    "extractJS": true,
    "extractImages": true,
    "extractFonts": true,
    "extractVideos": false,
    "extractDocuments": true,
    "extractForms": true,
    "extractMetadata": true,
    "followInternalLinks": false,
    "preserveDirectory": true,
    "generateSitemap": true,
    "outputDir": "enhanced_resources\\icons",
    "maxDepth": 1,
    "delay": 1000
  },
  "statistics": {
    "totalPages": 8,
    "totalAssets": 440,
    "maxDepth": 1
  }
}