{
  "extractor": "DeepWebsiteCloner v1.0",
  "extractedAt": "2025-07-28T14:26:58.371Z",
  "baseUrl": "https://fontsquirrel.com/",
  "domain": "fontsquirrel.com",
  "config": {
    "extractCSS": true,
    "extractJS": false,
    "extractImages": true,
    "extractFonts": true,
    "extractVideos": false,
    "extractDocuments": true,
    "extractForms": true,
    "extractMetadata": true,
    "followInternalLinks": false,
    "preserveDirectory": true,
    "generateSitemap": true,
    "outputDir": "enhanced_resources\\fonts",
    "maxDepth": 1,
    "delay": 1000
  },
  "statistics": {
    "totalPages": 2,
    "totalAssets": 60,
    "maxDepth": 1
  }
}