{
  "extractor": "DeepWebsiteCloner v1.0",
  "extractedAt": "2025-07-27T19:44:27.256Z",
  "baseUrl": "https://example.com/",
  "domain": "example.com",
  "config": {
    "extractCSS": true,
    "extractJS": true,
    "extractImages": true,
    "extractFonts": true,
    "extractVideos": true,
    "extractDocuments": true,
    "extractForms": true,
    "extractMetadata": true,
    "followInternalLinks": false,
    "preserveDirectory": true,
    "generateSitemap": true,
    "outputDir": "./extracted_sites",
    "maxDepth": 1,
    "delay": 1000
  },
  "statistics": {
    "totalPages": 1,
    "totalAssets": 1,
    "maxDepth": 1
  }
}