{
  "extractor": "DeepWebsiteCloner v1.0",
  "extractedAt": "2025-07-28T13:06:40.617Z",
  "baseUrl": "https://bubble.io/",
  "domain": "bubble.io",
  "config": {
    "extractCSS": true,
    "extractJS": true,
    "extractImages": true,
    "extractFonts": true,
    "extractVideos": false,
    "extractDocuments": true,
    "extractForms": true,
    "extractMetadata": true,
    "followInternalLinks": false,
    "preserveDirectory": true,
    "generateSitemap": true,
    "outputDir": "./extracted_sites",
    "maxDepth": 1,
    "delay": 1000
  },
  "statistics": {
    "totalPages": 1,
    "totalAssets": 227,
    "maxDepth": 1
  }
}