{
  "extractor": "DeepWebsiteCloner v1.0",
  "extractedAt": "2025-07-28T14:24:54.675Z",
  "baseUrl": "https://icons8.com/",
  "domain": "icons8.com",
  "config": {
    "extractCSS": true,
    "extractJS": true,
    "extractImages": true,
    "extractFonts": true,
    "extractVideos": false,
    "extractDocuments": true,
    "extractForms": true,
    "extractMetadata": true,
    "followInternalLinks": false,
    "preserveDirectory": true,
    "generateSitemap": true,
    "outputDir": "enhanced_resources\\icons",
    "maxDepth": 1,
    "delay": 1000
  },
  "statistics": {
    "totalPages": 6,
    "totalAssets": 357,
    "maxDepth": 1
  }
}